{
    "meta": {
        "timestamp": "2026-03-25T00:43:09.535254",
        "vocab_size": 32000,
        "unk_id": 1
    },
    "length_filter": {
        "p90": 1196,
        "threshold": 1315,
        "kept_samples": 431206,
        "total_samples": 460456
    },
    "token_length_stats": {
        "article": {
            "name": "articles",
            "count": 431206,
            "mean": 692.8108607023094,
            "std": 266.6172690362525,
            "min": 47,
            "p50": 673.0,
            "p80": 936.0,
            "p90": 1075.0,
            "p95": 1170.0,
            "p99": 1280.0,
            "max": 1315
        },
        "highlight": {
            "name": "highlights",
            "count": 431206,
            "mean": 62.944747985881456,
            "std": 22.02112648548934,
            "min": 9,
            "p50": 60.0,
            "p80": 77.0,
            "p90": 90.0,
            "p95": 104.0,
            "p99": 134.0,
            "max": 527
        }
    },
    "oov": {
        "articles_rate": 0.0,
        "summary_rate": 0.0,
        "total_article_unk": 0,
        "total_summary_unk": 0
    },
    "compression": {
        "mean": 1.2327846280618813,
        "std": 0.05908060966955633,
        "median": 1.2267080745341614,
        "p90": 1.304147465437788
    }
}