{
    "meta": {
        "timestamp": "2026-04-06T10:47:08.642467",
        "vocab_size": 32000,
        "unk_id": 1
    },
    "length_filter": {
        "p90": 1205,
        "threshold": 1325,
        "kept_samples": 427435,
        "total_samples": 456334
    },
    "token_length_stats": {
        "article": {
            "name": "articles",
            "count": 427435,
            "mean": 698.7265221612643,
            "std": 268.36632391521186,
            "min": 48,
            "p50": 679.0,
            "p80": 944.0,
            "p90": 1083.0,
            "p95": 1179.0,
            "p99": 1289.0,
            "max": 1325
        },
        "highlight": {
            "name": "highlights",
            "count": 427435,
            "mean": 63.55587867161089,
            "std": 22.24379912252197,
            "min": 10,
            "p50": 60.0,
            "p80": 78.0,
            "p90": 91.0,
            "p95": 105.0,
            "p99": 136.0,
            "max": 569
        }
    },
    "oov": {
        "articles_rate": 0.0,
        "summary_rate": 0.0,
        "total_article_unk": 0,
        "total_summary_unk": 0
    },
    "compression": {
        "mean": 1.2486451870872741,
        "std": 0.06297897566222734,
        "median": 1.2420856610800746,
        "p90": 1.323943661971831
    }
}