{
    "meta": {
        "timestamp": "2026-04-06T21:07:44.605649",
        "vocab_size": 98,
        "unk_id": 1
    },
    "length_filter": {
        "p90": 5639,
        "threshold": 6202,
        "kept_samples": 427655,
        "total_samples": 456334
    },
    "token_length_stats": {
        "article": {
            "name": "articles",
            "count": 427655,
            "mean": 3280.7918158328557,
            "std": 1255.3323230001936,
            "min": 252,
            "p50": 3187.0,
            "p80": 4424.0,
            "p90": 5081.0,
            "p95": 5526.0,
            "p99": 6030.0,
            "max": 6202
        },
        "highlight": {
            "name": "highlights",
            "count": 427655,
            "mean": 301.7561515707755,
            "std": 102.66749444323266,
            "min": 45,
            "p50": 288.0,
            "p80": 364.0,
            "p90": 430.0,
            "p95": 494.0,
            "p99": 638.0,
            "max": 2529
        }
    },
    "oov": {
        "articles_rate": 0.0,
        "summary_rate": 0.0,
        "total_article_unk": 0,
        "total_summary_unk": 0
    },
    "compression": {
        "mean": 5.864578751486958,
        "std": 0.2663039549224307,
        "median": 5.861720067453626,
        "p90": 6.20476858345021
    }
}