,char_len,highlight_len,highlight_ratio
count,287113.0,287113.0,287113.0
mean,4033.6608652342456,294.7703900554834,0.08865059997938116
std,1954.3392340239293,120.19740529203686,0.07315326781247986
min,48.0,14.0,0.0034973769672745443
25%,2583.0,218.0,0.05420159875219341
50%,3682.0,280.0,0.07689119170984456
75%,5117.0,342.0,0.10977917981072555
max,15925.0,7388.0,18.333333333333332
