,char_len,highlight_len,highlight_ratio
count,230228.0,230228.0,230228.0
mean,3485.7599379745297,311.1451213579582,0.10160576197890567
std,1578.5279516507744,116.36592208155348,0.04688999851372516
min,251.0,45.0,0.05
25%,2337.0,228.0,0.06805542642865997
50%,3253.0,291.0,0.08881608759527966
75%,4354.0,357.0,0.12110125007484482
max,11420.0,2698.0,0.5
