,char_len,highlight_len,highlight_ratio
count,228167.0,228167.0,228167.0
mean,3470.9521622320494,307.71309610942865,0.10075863938112392
std,1571.1697884439966,115.50867167000953,0.0462959141104825
min,251.0,44.0,0.05
25%,2328.0,225.0,0.06766641630013516
50%,3239.0,288.0,0.08809891808346214
75%,4335.0,353.0,0.11994609164420485
max,11420.0,2647.0,0.5
