{
    "ROUGE-1": 0.23836076733049183,
    "ROUGE-2": 0.035699987787754676,
    "ROUGE-L": 0.15145412576670297,
    "METEOR": 0.19708724378642473,
    "BERT-Precision": 0.07604256272315979,
    "BERT-Recall": 0.055282361805438995,
    "BERT-F1": 0.06663727015256882,
    "Time": 1379.644240140915
}