{
    "ROUGE-1": 0.20801881478010534,
    "ROUGE-2": 0.021032104945529647,
    "ROUGE-L": 0.1287911763511032,
    "METEOR": 0.13740113667991716,
    "BERT-Precision": -0.08201321214437485,
    "BERT-Recall": -0.10403498262166977,
    "BERT-F1": -0.09175190329551697,
    "Time": 14672.204623699188
}