{
    "ROUGE-1": 0.0957029297581843,
    "ROUGE-2": 0.004228689296030399,
    "ROUGE-L": 0.06944116299999116,
    "METEOR": 0.08010644664843196,
    "BERT-Precision": -0.5641865730285645,
    "BERT-Recall": -0.17392802238464355,
    "BERT-F1": -0.375771701335907,
    "Time": 67884.8726131916
}