{
    "ROUGE-1": 0.3434543657857916,
    "ROUGE-2": 0.1204026984618526,
    "ROUGE-L": 0.22588856982140787,
    "METEOR": 0.26216828824259003,
    "BERT-Precision": 0.1752672642469406,
    "BERT-Recall": 0.17811860144138336,
    "BERT-F1": 0.17702513933181763
}