{
    "ROUGE-1": 0.35417360766128736,
    "ROUGE-2": 0.12728777086949528,
    "ROUGE-L": 0.2326478827926179,
    "METEOR": 0.24308837048347978,
    "BERT-Precision": 0.18826815485954285,
    "BERT-Recall": 0.16106824576854706,
    "BERT-F1": 0.17516207695007324,
    "Time": 2590.8763720989227
}