{
  "raw_filtering": {
    "original_samples": 287113,
    "removed_short": 21,
    "removed_ratio_low": 58744,
    "removed_ratio_high": 197,
    "remaining": 228167,
    "total_removed": 58946
  },
  "cleaning": {
    "deletions": {
      "total_raw_chars": 801423494,
      "total_cleaned_chars": 791956742,
      "chars_removed": 9466752,
      "pct_removed": 1.1812421361333338
    }
  },
  "patterns": {
    "removed_counts": {
      "double_hyphen": 195584,
      "cnn_marker": 57411,
      "published": 42274,
      "curly_quotes": 1048450
    }
  },
  "ascii_fold": {
    "total_removed": 2024909,
    "percent": 0.2526640428137985
  },
  "char_vocab": {
    "unique_chars": 95,
    "top20": {
      " ": 134135268,
      "e": 76196952,
      "t": 52741001,
      "a": 52531332,
      "o": 45322578,
      "i": 44151005,
      "n": 43355538,
      "s": 39758122,
      "r": 39378977,
      "h": 31138031,
      "l": 25297377,
      "d": 25166042,
      "c": 17763881,
      "u": 16074422,
      "m": 13963681,
      "f": 12999859,
      "g": 12769745,
      "p": 11773085,
      "w": 11253853,
      "y": 10513741
    }
  },
  "length_stats": {
    "pre_clean": {
      "char_len": {
        "count": 287113.0,
        "mean": 4033.6608652342456,
        "std": 1954.3392340239293,
        "min": 48.0,
        "25%": 2583.0,
        "50%": 3682.0,
        "75%": 5117.0,
        "max": 15925.0
      },
      "highlight_len": {
        "count": 287113.0,
        "mean": 294.7703900554834,
        "std": 120.19740529203686,
        "min": 14.0,
        "25%": 218.0,
        "50%": 280.0,
        "75%": 342.0,
        "max": 7388.0
      },
      "highlight_ratio": {
        "count": 287113.0,
        "mean": 0.08865059997938116,
        "std": 0.07315326781247986,
        "min": 0.0034973769672745443,
        "25%": 0.05420159875219341,
        "50%": 0.07689119170984456,
        "75%": 0.10977917981072555,
        "max": 18.333333333333332
      }
    },
    "post_clean": {
      "char_len": {
        "count": 228167.0,
        "mean": 3470.9521622320494,
        "std": 1571.1697884439966,
        "min": 251.0,
        "25%": 2328.0,
        "50%": 3239.0,
        "75%": 4335.0,
        "max": 11420.0
      },
      "highlight_len": {
        "count": 228167.0,
        "mean": 307.71309610942865,
        "std": 115.50867167000953,
        "min": 44.0,
        "25%": 225.0,
        "50%": 288.0,
        "75%": 353.0,
        "max": 2647.0
      },
      "highlight_ratio": {
        "count": 228167.0,
        "mean": 0.10075863938112392,
        "std": 0.0462959141104825,
        "min": 0.05,
        "25%": 0.06766641630013516,
        "50%": 0.08809891808346214,
        "75%": 0.11994609164420485,
        "max": 0.5
      }
    }
  }
}