{
  "raw_filtering": {
    "original_samples": 287113,
    "removed_short": 21,
    "removed_ratio_low": 56678,
    "removed_ratio_high": 203,
    "remaining": 230228,
    "total_removed": 56885
  },
  "cleaning": {
    "deletions": {
      "total_raw_chars": 812102087,
      "total_cleaned_chars": 802519539,
      "chars_removed": 9582548,
      "pct_removed": 1.1799683997117962
    }
  },
  "patterns": {
    "removed_counts": {
      "double_hyphen": 198792,
      "cnn_marker": 57965,
      "published": 42750,
      "curly_quotes": 1063897
    }
  },
  "ascii_fold": {
    "total_removed": 1986040,
    "percent": 0.24455546067325892
  },
  "char_vocab": {
    "unique_chars": 95,
    "top20": {
      " ": 135927596,
      "e": 77210152,
      "t": 53449112,
      "a": 53226251,
      "o": 45929998,
      "i": 44739922,
      "n": 43932772,
      "s": 40293213,
      "r": 39899785,
      "h": 31551864,
      "l": 25633967,
      "d": 25493759,
      "c": 17999810,
      "u": 16288094,
      "m": 14151789,
      "f": 13172355,
      "g": 12940575,
      "p": 11929463,
      "w": 11403195,
      "y": 10656906
    }
  },
  "length_stats": {
    "pre_clean": {
      "char_len": {
        "count": 287113.0,
        "mean": 4033.6608652342456,
        "std": 1954.3392340239293,
        "min": 48.0,
        "25%": 2583.0,
        "50%": 3682.0,
        "75%": 5117.0,
        "max": 15925.0
      },
      "highlight_len": {
        "count": 287113.0,
        "mean": 294.7703900554834,
        "std": 120.19740529203686,
        "min": 14.0,
        "25%": 218.0,
        "50%": 280.0,
        "75%": 342.0,
        "max": 7388.0
      },
      "highlight_ratio": {
        "count": 287113.0,
        "mean": 0.08865059997938116,
        "std": 0.07315326781247986,
        "min": 0.0034973769672745443,
        "25%": 0.05420159875219341,
        "50%": 0.07689119170984456,
        "75%": 0.10977917981072555,
        "max": 18.333333333333332
      }
    },
    "post_clean": {
      "char_len": {
        "count": 230228.0,
        "mean": 3485.7599379745297,
        "std": 1578.5279516507744,
        "min": 251.0,
        "25%": 2337.0,
        "50%": 3253.0,
        "75%": 4354.0,
        "max": 11420.0
      },
      "highlight_len": {
        "count": 230228.0,
        "mean": 311.1451213579582,
        "std": 116.36592208155348,
        "min": 45.0,
        "25%": 228.0,
        "50%": 291.0,
        "75%": 357.0,
        "max": 2698.0
      },
      "highlight_ratio": {
        "count": 230228.0,
        "mean": 0.10160576197890567,
        "std": 0.04688999851372516,
        "min": 0.05,
        "25%": 0.06805542642865997,
        "50%": 0.08881608759527966,
        "75%": 0.12110125007484482,
        "max": 0.5
      }
    }
  }
}