{
    "meta": {
        "timestamp": "2026-04-06T10:35:24.445721",
        "vocab_size": 32000,
        "unk_id": 1
    },
    "length_filter": {
        "p90": 1009,
        "threshold": 1109,
        "kept_samples": 426564,
        "total_samples": 456334
    },
    "token_length_stats": {
        "article": {
            "name": "articles",
            "count": 426564,
            "mean": 576.4819651916242,
            "std": 225.64349459286626,
            "min": 39,
            "p50": 558.0,
            "p80": 782.0,
            "p90": 899.0,
            "p95": 983.0,
            "p99": 1078.0,
            "max": 1109
        },
        "highlight": {
            "name": "highlights",
            "count": 426564,
            "mean": 51.836252004388555,
            "std": 18.982684122767132,
            "min": 6,
            "p50": 49.0,
            "p80": 64.0,
            "p90": 75.0,
            "p95": 87.0,
            "p99": 114.0,
            "max": 509
        }
    },
    "oov": {
        "articles_rate": 0.0,
        "summary_rate": 0.0,
        "total_article_unk": 0,
        "total_summary_unk": 0
    },
    "compression": {
        "mean": 1.0307637741846276,
        "std": 0.09910257970938631,
        "median": 0.9800443458980045,
        "p90": 1.1516587677725119
    }
}